Site,Subsystem
10040,1
10041,2
10042,3
10043,4
10044,5
10045,6
10046,7
10047,8
10048,9
10049,10
10050,11
10051,12
10052,13
10015,14
10017,15
10018,16
10019,17
10012,18
10020,20
10021,21
10022,22
10023,23
10024,24
10025,25
10026,26
10027,27
10028,28
10029,29
10030,30
10031,31
10032,32
10033,33
10034,34
10035,35
10036,36
13080,1
13081,2
13082,3
13083,4
13084,5
13085,6
13091,12
13086,7
13087,8
13088,9
13089,10
13090,11
13092,13
13093,14
13094,15
13095,16
13096,17
13097,18
7300,1
7301,2
7302,3
7303,4
7305,5
7306,6
7307,7
7308,8
7309,9
7310,10
7311,11
7312,12
7304,13
7314,14
7315,15
7316,16
7317,17
7318,18
7320,20
7321,21
7322,22
7323,23
7324,24
7325,25
7326,26
7327,27
7328,28
7329,29
7319,19
7307,6
7328,27
1800,1
1801,2
1802,3
1803,4
1804,5
1805,6
1806,7
1807,8
1810,11
1808,9
1812,13
1809,10
1811,12
